Date,Close,Volume,MA20,MA50
2020-01-01,301.49342830602245,5443778,,
2020-01-02,301.7168997036801,9043756,,
2020-01-03,303.51227677988146,5162065,,
2020-01-06,307.05833649269755,1260116,,
2020-01-07,307.09002974325085,7086368,,
2020-01-08,307.1217558293525,5214279,,
2020-01-09,310.78018146036726,2257949,,
2020-01-10,312.8150509186731,8537165,,
2020-01-13,312.3761021468032,4850241,,
2020-01-14,313.96122223397515,6538166,,
2020-01-15,313.5343868483502,1388076,,
2020-01-16,313.1029273412097,5884797,,
2020-01-17,314.08685188434174,6540070,,
2020-01-20,310.7602913950262,7491878,,
2020-01-21,307.8104557300001,2960826,,
2020-01-22,307.18588067151813,3844664,,
2020-01-23,305.6602184308493,3613275,,
2020-01-24,306.7887130960398,2378369,,
2020-01-27,305.4726649449974,3090212,,
2020-01-28,303.14805754232685,6230852,308.27378657496814,
2020-01-29,306.57935508016993,5171774,308.5280829136756,
2020-01-30,306.6278024791969,1152999,308.77362805245133,
2020-01-31,307.26285888857274,5542923,308.9611571578859,
2020-02-03,304.9133625161458,9449975,308.8539084590583,
2020-02-04,304.32459706709545,5600108,308.71563682525056,
2020-02-05,305.0464422465152,3854190,308.6118711461087,
2020-02-06,303.2444550916706,2284382,308.23508482767386,
2020-02-07,304.4958511283619,8196042,307.8191248381583,
2020-02-10,303.79457374852433,4853321,307.39004841824436,
2020-02-11,303.71118624893774,3654837,306.87754661899254,
2020-02-12,303.007773024479,8684365,306.35121592779893,
2020-02-13,307.2123293934968,2042377,306.0566860304133,
2020-02-14,307.68533494402095,5577033,305.73661018339726,
2020-02-17,306.0699130861092,7105931,305.5020912679514,
2020-02-18,308.21500291031555,4257181,305.52231862696715,
2020-02-19,306.2733156103735,6262696,305.47669037390995,
2020-02-20,307.191042800383,6154048,305.5532315923866,
2020-02-21,303.7717025526235,1923780,305.4023810652158,
2020-02-24,301.6153304548266,9361735,305.20951434070724,
2020-02-25,302.50905292656483,2942811,305.17756410991916,
2020-02-26,304.48598608655567,7507640,305.0728956602385,
2020-02-27,305.32872264893564,1298090,305.00794166872544,
2020-02-28,305.5974260841591,9705956,304.9246700285047,
2020-03-02,305.49521869298053,6425838,304.95376283734646,
2020-03-03,303.0381747122457,9480932,304.88944171960395,
2020-03-04,302.09848629545627,3320688,304.74204392205104,
2020-03-05,301.6772087535367,2805808,304.66368160514435,
2020-03-06,304.29145320597456,5220459,304.65346170902495,
2020-03-09,305.47868978511144,5536119,304.7376675108543,
2020-03-10,302.452609474386,5015470,304.6747386721267,306.17941978874177
2020-03-11,303.6007774131756,5654798,304.70438889156156,306.2215667708848
2020-03-12,303.33061285234294,4622138,304.51030306450383,306.2538410338581
2020-03-13,302.47676885173104,1937841,304.2498747598894,306.23313087529505
2020-03-16,304.2001214294128,9061896,304.1563851770545,306.1759665740294
2020-03-17,306.7621204744047,3843940,304.083741055259,306.16940838865247
2020-03-18,309.1246807126371,4932441,304.22630931037213,306.2094668863181
2020-03-19,307.94624566619177,2207068,304.2640694536626,306.15278817043463
2020-03-20,307.82782091448934,5364406,304.4668753717559,306.05304357035095
2020-03-23,308.9903477772965,9782882,304.8356262378794,305.9853284829608
2020-03-24,311.4414380315412,2386980,305.28224549312824,305.93493279891214
2020-03-25,310.9830895558506,2208052,305.607100666593,305.8839068530622
2020-03-26,311.111771602523,8500960,305.8962531142723,305.8440837382884
2020-03-27,309.39910165451096,4040267,306.0863368927899,305.75032873369184
2020-03-30,307.5066884063496,2180887,306.1869103784584,305.6852566739183
2020-03-31,309.63174005113797,5439850,306.516588645403,305.721682360341
2020-04-01,312.8442201082796,8536765,307.05387533604414,305.83484914907626
2020-04-02,313.200199865119,2896220,307.6300248916233,305.9856487777617
2020-04-03,315.70726566090303,4138744,308.20081551436976,306.16401982905893
2020-04-06,316.9305377109983,9535078,308.77340791066405,306.39317728437896
2020-04-07,316.140298201788,7935774,309.4577923470341,306.65302209756817
2020-04-08,317.36308941280487,2367223,310.14590794701564,306.8686967842209
2020-04-09,320.9391625457368,3428081,311.0263354316853,307.15492398555165
2020-04-10,321.3675104675169,5273445,311.97087251247456,307.4370170171306
2020-04-13,324.9967977791449,4184790,313.0107063299612,307.8386857223905
2020-04-14,320.2573075709654,7681935,313.6854656847893,308.15733993246795
2020-04-15,322.40111257971586,7689142,314.34928727814315,308.50443333913194
2020-04-16,323.0752067161922,5990961,315.1057353306432,308.9010483716223
2020-04-17,322.97719201526047,4646804,315.86320388568174,309.27067518936036
2020-04-20,323.66071356833146,1647296,316.5967221752335,309.6679979857565
2020-04-21,320.1855757391297,2549302,317.0339290606129,309.99748577556034
2020-04-22,320.24623196345465,4122951,317.4970861809931,310.34225495433986
2020-04-23,321.46045710647815,1800101,318.0145204561909,310.6272175085995
2020-04-24,324.9162451959612,5100612,318.7903776332634,310.97183571363826
2020-04-27,324.3797047594139,6877845,319.6340284509166,311.3380315471044
2020-04-28,323.2627175536275,7014126,320.3155773260411,311.6389858399706
2020-04-29,322.7592034664585,6238561,320.81132649395005,311.96870359709226
2020-04-30,325.0900077018626,7339776,321.4058168857872,312.3266828951219
2020-05-01,326.247509921182,9885366,321.93282909880116,312.7761990424931
2020-05-04,325.6879895136479,9121757,322.37070168893365,313.2576522236695
2020-05-05,327.2145243798746,5642929,322.924412997838,313.75176165273564
2020-05-06,327.90867947857066,9417233,323.4516925011263,314.220215520576
2020-05-07,330.3459694596365,3833552,323.92203284682125,314.72056045679
2020-05-08,329.44186327188174,8376519,324.3257504870395,315.1974492005445
2020-05-11,329.2865389786862,6701934,324.54023754701655,315.6732756062586
2020-05-12,329.0023226724219,2276647,324.9774883020894,316.1925585654621
2020-05-13,326.57529277615765,6416775,325.1861973119115,316.6820946950761
2020-05-14,327.6675333302868,9704813,325.4158136426162,317.2019011866111
2020-05-15,328.6896438746466,4045315,325.7014362355855,317.6898649999846
2020-05-18,329.1998707879315,4144480,325.9783940965655,318.1642886200409
2020-05-19,329.23069652118124,4570834,326.4306501356681,318.6998503609768
2020-05-20,326.8999550370804,5828761,326.76333628934935,319.16583391345495
2020-05-21,326.55866439154966,4940285,327.01824665360294,319.6303949442391
2020-05-22,326.3732353584961,7851803,327.0910961617297,320.1083242743744
2020-05-25,325.2686808200529,6742533,327.13554496476166,320.5296954621872
2020-05-26,325.4461093967209,8324222,327.24471455691634,320.9033752406335
2020-05-27,326.75421111034996,3627144,327.44446493911084,321.2559658485878
2020-05-28,331.026582912771,3825896,327.7412936996563,321.7175725935194
2020-05-29,331.8757385384347,5936792,328.02270513051894,322.1985309459983
2020-06-01,332.89083931988023,5876872,328.3828476208306,322.67654077684995
2020-06-02,333.2419474883479,3739956,328.6842187762542,323.1125509659861
2020-06-03,329.9044050577498,3619980,328.7840050552132,323.49097727602407
2020-06-04,330.35137730685136,1721384,328.784275447574,323.87576939011063
2020-06-05,330.97183772673344,9908385,328.86077417031646,324.30722411155506
2020-06-08,336.398321951704,8716220,329.2163633189674,324.8850567824622
2020-06-09,336.51360002214176,3887698,329.59192718645335,325.4226939818823
2020-06-10,337.61669470680897,3432593,330.143997282986,325.9181434738528
2020-06-11,338.0472711673985,5031464,330.66298417484154,326.41508489989843
2020-06-12,336.2099150921594,4390742,331.0389977357172,326.82513788852356
2020-06-15,338.99556072118946,9545106,331.5287822323801,327.2664383487274
2020-06-16,340.99942678656305,8357804,332.1172187456492,327.7636209204229
2020-06-17,343.0814906806491,7133066,332.9262955278276,328.2779889457797
2020-06-18,341.7627157710596,3887296,333.6864980968031,328.6944600102862
2020-06-19,345.06830439293185,7529845,334.6212515485249,329.1684758887945
2020-06-22,342.76460226734724,3736582,335.4960476208896,329.5238319785586
2020-06-23,344.4383164549478,8956056,336.4456579738009,330.00745215623823
2020-06-24,349.31922770656774,2100500,337.57390880361186,330.5458144587753
2020-06-25,347.8381550563064,2576590,338.41448741078864,331.04107342557757
2020-06-26,347.20555959710083,6594176,339.1809784637219,331.52564077721433
2020-06-29,347.90486232727613,2961977,339.9316796140917,332.0105237523932
2020-06-30,347.3979110190437,8049926,340.63947779062653,332.5547704579915
2020-07-01,344.7965841569115,5032654,341.38408674558457,333.04577750186064
2020-07-02,345.4337101065235,1664468,342.1382033855682,333.5252425618616
2020-07-03,343.8091026790713,7500242,342.7800666331851,333.90309971152374
2020-07-06,345.25628754034165,8899963,343.22296491261693,334.32063136714237
2020-07-07,343.91743907187407,7978140,343.59315686510365,334.7337257975073
2020-07-08,347.5173078819091,4037099,344.0881875238586,335.2288878858163
2020-07-09,346.4508012972367,5828426,344.5083640303505,335.65610375772377
2020-07-10,346.30667826482534,9100706,345.0132021889838,336.0572871245966
2020-07-13,348.43371269956464,3042823,345.48510978790256,336.512201588315
2020-07-14,346.47198406669673,2048173,345.7587376519092,336.8973507820514
2020-07-15,347.426903935905,9379341,345.976008314672,337.2877152711981
2020-07-16,350.54118944446986,7579137,346.4149319983425,337.69161967089474
2020-07-17,347.8262229753474,2912584,346.5528279274633,338.059306864964
2020-07-20,348.695490692412,4777538,346.84937234871654,338.4474858992386
2020-07-21,349.7152562809089,1225049,347.1132193400146,338.8617445714083
2020-07-22,351.7789020244635,1747419,347.2362030559094,339.3658167563744
2020-07-23,349.8050006027073,6438684,347.33454533322947,339.8085661018228
2020-07-24,347.66408737653876,7030489,347.35747172220135,340.1880549718607
2020-07-27,349.2079705077726,6537803,347.4226271312262,340.5882169662575
2020-07-28,350.3019398542389,3380932,347.56782857298595,341.00964183291865
2020-07-29,351.3029255549307,2654753,347.8931456428869,341.4977012432757
2020-07-30,352.49582197392465,9793380,348.2462512362569,342.01644439492316
2020-07-31,351.63577253076767,1571107,348.6375847288418,342.5216951383686
2020-08-03,352.6002799250897,3086213,349.00478434807917,343.06832712046935
2020-08-04,353.68642487168705,4358509,349.4932336380698,343.63313342996867
2020-08-05,352.7577220356343,3779499,349.75525434575604,344.15320364847435
2020-08-06,356.9892710579238,8313834,350.28217783379046,344.6724574113774
2020-08-07,358.43693689974737,9937492,350.8886907655365,345.2036813786037
2020-08-10,356.5543299053421,2999254,351.29472162582545,345.6769511903129
2020-08-11,358.3674371226098,6044842,351.8894942786211,346.1794609829981
2020-08-12,356.9180737821551,5156532,352.3640527709336,346.71973435748623
2020-08-13,358.99224298964003,7592910,352.78660544819206,347.29255167114206
2020-08-14,361.8094341476548,6561112,353.48576600680747,347.9093035995604
2020-08-17,360.6680695109514,6382858,354.08439494773444,348.3946985507454
2020-08-18,363.09482176944005,6017650,354.753373222161,348.92632298569134
2020-08-19,364.420383623313,8188238,355.38544730210344,349.4623967640215
2020-08-20,366.56450394330204,8909699,356.2234224691332,350.03274141953955
2020-08-21,370.85808990860994,4617556,357.3831225957368,350.72570491586856
2020-08-24,370.86731367660417,1258517,358.4660897541783,351.3631399749768
2020-08-25,369.8598413478892,7428540,359.44398482886083,351.9403482662033
2020-08-26,368.5808124886381,1705475,360.3078791755462,352.4503347023631
2020-08-27,367.44919191870724,5338843,361.05554767278534,352.964064225316
2020-08-28,367.7949884998791,1424226,361.8635084712409,353.418597907455
2020-08-31,368.97729244951233,5117923,362.68235909746204,353.94285171109834
2020-09-01,370.0306740481724,6613201,363.4995715562863,354.45469886296286
2020-09-02,372.18504054624447,7303745,364.4709374818168,354.91201511975635
2020-09-03,372.7110443300003,1698956,365.25702614542064,355.4094729052302
2020-09-04,376.1181124843149,4403096,366.141084924649,355.9877239629745
2020-09-07,376.088798817839,7278602,367.11780837027385,356.5514026927857
2020-09-08,382.02913715101823,7143326,368.3008933716943,357.2440272154252
2020-09-09,383.78047184654827,1175211,369.64401327491396,358.02370496921793
2020-09-10,382.5661567337157,8519817,370.82270896211776,358.76635390176176
2020-09-11,380.92437173759345,8412620,371.77845584161463,359.50865928293223
2020-09-14,382.38931656807983,5257950,372.8645181944711,360.2513198634871
2020-09-15,382.4423909974281,9654406,373.8318966558705,361.02181890199813
2020-09-16,384.3703919856123,7048055,374.82939707398543,361.7588805840722
2020-09-17,385.8168672347594,2883376,375.7920152385583,362.5462019028226
2020-09-18,386.1712094094456,4891113,376.5576712136001,363.343492525715
2020-09-21,384.9776219733088,8020988,377.2631866284354,364.07437071118983
2020-09-22,382.4479275239371,9544291,377.89259093723774,364.79388958033474
2020-09-23,382.05489761980306,5730741,378.566295193796,365.4864494540127
2020-09-24,384.26769520845,6605126,379.4072203582831,366.16097956929224
2020-09-25,385.19588269671044,2906039,380.2772650681247,366.9083727637196
2020-09-28,383.20440513928645,2455465,380.9886207026134,367.598551052657
2020-09-29,384.0507669909888,1211830,381.68962534975424,368.28526126685864
2020-09-30,385.3214017504465,6439381,382.3464434099643,368.95611126137834
2020-10-01,384.05368687804423,6987029,382.91357553736646,369.64108498688506
2020-10-02,384.86113708993526,7516616,383.35072676764753,370.3850259811529
2020-10-05,385.47755452682725,4329049,383.82016455309696,371.11041766153403
2020-10-06,383.691613931166,5755976,383.90328839210434,371.77821114307255
2020-10-07,384.9071886518626,9910606,383.95962423237,372.4502964050113
2020-10-08,386.52875770459906,7897673,384.1577542809142,373.13095511962473
2020-10-09,389.1948601909496,4746169,384.57127870358204,373.88213687282837
2020-10-12,391.80246429501943,7002296,385.041936089929,374.666180560227
2020-10-13,389.5471255591052,1075388,385.39717281801285,375.3833945739753
2020-10-14,388.171475479275,7810183,385.587226992696,376.09166964284805
2020-10-15,389.70154601369234,2775767,385.78146093164264,376.7459151419635
2020-10-16,391.2291179155167,8983823,386.0343563569462,377.4017587622789
2020-10-19,392.7592132881288,9373296,386.4234359226872,378.12585642993463
2020-10-20,400.96467626943826,8467866,387.34927335996224,378.9778012128712
2020-10-21,402.6064572908246,6494339,388.3768513435133,379.8915688830446
2020-10-22,405.3775885711858,6877809,389.4323460116501,380.8192757946755
2020-10-23,407.7855920981722,7396567,390.56183148172323,381.73879895368583
2020-10-26,409.5883746007838,9002619,391.88102995479807,382.7172050554825
2020-10-27,409.45783611150307,5021080,393.15138341082377,383.64446534232377
2020-10-28,411.4757745524896,8667857,394.45910205092594,384.58557316090724
2020-10-29,410.4301241234145,5428690,395.77792391319446,385.4628855645096
2020-10-30,410.4564869099345,6439433,397.05769140419443,386.254853504536
2020-11-02,409.98575981427626,9889782,398.28310166856687,387.0372224272895
2020-11-03,410.6495080930489,3881777,399.630996376661,387.8530157621927
2020-11-04,415.77882522639595,3748996,401.1745782053877,388.79697601694784
2020-11-05,412.54429484121243,1195246,402.47535506221834,389.69887807539794
2020-11-06,414.4168152219615,4696176,403.73645281376895,390.63131460983954
2020-11-09,411.69138347958216,9899691,404.7308987729971,391.4855964304409
2020-11-10,411.2475197480033,2012384,405.815918482442,392.3099333444376
2020-11-11,413.925420941938,9143478,407.1036157555751,393.14474095235147
2020-11-12,414.5539809801289,1866964,408.346237503897,393.981599685354
2020-11-13,412.89849142427033,9437712,409.42970617933463,394.7172072641531
2020-11-16,411.9678840057504,1863663,410.3901397152157,395.43478896791135
2020-11-17,413.82707950361976,6783182,411.0332598769248,396.0707478149634
2020-11-18,412.86634624018546,7980571,411.54625432439286,396.65246530283616
2020-11-19,413.7992634193494,6334538,411.96733806680106,397.2771274365488
2020-11-20,414.3904070991571,7349449,412.29757881685026,397.94644814378006
2020-11-23,413.5872064039454,2206861,412.4975204070083,398.5704059404974
2020-11-24,418.3750945825961,4119612,412.94338333056305,399.2890600122007
2020-11-25,420.1429326272321,3891005,413.37674123430014,400.00451082503315
2020-11-26,416.59264745391687,5936600,413.6848674008253,400.6200264294163
2020-11-27,417.46555608345574,5736319,414.03532085950127,401.2459133628965
2020-11-30,416.64198315391894,1257681,414.36813202648347,401.8792005865087
2020-12-01,418.84684982351143,9482626,414.77799911300656,402.6071790325002
2020-12-02,417.76180834664603,6629481,414.877148269019,403.32131724703703
2020-12-03,418.03233546371223,3054780,415.15155030014404,403.9966100521423
2020-12-04,419.54231002167313,8991208,415.4078250401296,404.6835385986415
2020-12-07,421.7738204100134,5423408,415.9119468866512,405.4549269040561
2020-12-08,419.8732275959018,1842186,416.34323227904616,406.17137611615436
2020-12-09,419.70422512421993,6352727,416.63217248816017,406.8590325836298
2020-12-10,419.25433450189803,8116355,416.86719016424865,407.56304553610687
2020-12-11,418.4476760367506,8226585,417.1446493948727,408.2347763150432
2020-12-14,422.4785845173128,6538917,417.6701844204508,408.9747969148529
2020-12-15,423.7885479392347,2124905,418.1682578422316,409.7767355950143
2020-12-16,421.76678003056463,4105958,418.6132795317505,410.5139274225883
2020-12-17,424.1025039246741,6559277,419.1284415570168,411.26540234698984
2020-12-18,428.84681631869944,4258084,419.85126201799386,412.05844146954485
2020-12-21,431.4117468398017,9593059,420.7424890397867,412.8506271204405
2020-12-22,428.8730069078937,2980290,421.2673846560516,413.63714474741624
2020-12-23,428.40453876216117,1403322,421.68046496279806,414.44180601307403
2020-12-24,431.4383610605344,5310796,422.4227506431289,415.2765423140108
2020-12-25,430.52302212929686,6181057,423.07562394542094,416.0624203982864
2020-12-28,431.9106609855893,8017403,423.8390578370045,416.8454493522356
2020-12-29,433.95992909244796,5077716,424.5947118004513,417.50535440869584
2020-12-30,432.6060681492918,7941447,425.33692479058357,418.10534662586514
2020-12-31,432.9870174371682,6037285,426.0846588892564,418.65753520318475
2021-01-01,427.0044827570301,2908802,426.4577675260242,419.04191301636195
2021-01-04,425.4557074743615,8334901,426.6418618792416,419.3592596738335
2021-01-05,425.4505711715752,2548075,426.92072905802536,419.67911437503494
2021-01-06,423.4550048076455,1493948,427.1082680421966,419.91869898013806
2021-01-07,427.21982741550875,5168962,427.50654268787713,420.2544930459799
2021-01-08,424.85954465958747,7520645,427.827136119019,420.54255420097303
2021-01-11,424.4794556861935,7689921,427.927179677463,420.8324281184113
2021-01-12,425.2409368407657,9383190,427.99979912253946,421.1242566933657
2021-01-13,428.6234834188979,8228161,428.3426342919562,421.3811498572157
2021-01-14,426.251759116539,1780641,428.45009705154945,421.65529914272224
2021-01-15,429.0780866208489,5466134,428.461660566657,421.94852457070004
2021-01-18,429.59855274288816,2554205,428.37100086181124,422.30666795596613
2021-01-19,428.13553544079224,7606963,428.33412728845616,422.6444282698219
2021-01-20,429.5597423893188,7651143,428.3918874698141,422.9571146987695
2021-01-21,430.4578617804657,3551331,428.3428625058106,423.2751923147763
2021-01-22,429.7574280261481,4127748,428.30458280065324,423.6123710468138
2021-01-25,430.3970321961282,5001070,428.22890136118014,423.98095401062136
2021-01-26,430.1264050024046,8365624,428.03722515667795,424.30694052059715
2021-01-27,430.85343969290716,3883791,427.9495937338587,424.66668238965156
2021-01-28,432.67770104194926,4496605,427.93412791409776,425.0442511421035
2021-01-29,436.3497346742399,5948600,428.4013905099582,425.48343769360525
2021-02-01,434.37410367658623,7416438,428.8473103200695,425.899175639058
2021-02-02,439.14017042589876,6311499,429.5317902827857,426.314477155924
2021-02-03,435.73599482685376,1308623,430.1458397837461,426.62633839991645
2021-02-04,435.93242463678257,4647371,430.58146964480983,427.0131339435738
2021-02-05,437.60905904975175,4296903,431.218945364318,427.41600400289974
2021-02-08,438.67104278522186,6998223,431.92852471926943,427.8565851955258
2021-02-09,437.9256437455806,2147116,432.56276006451026,428.23816107396715
2021-02-10,438.0093992448661,4772763,433.0320558558086,428.64311289193154
2021-02-11,437.52339737554837,7478450,433.59563776875905,429.0329341301683
2021-02-12,436.84466786166,1310375,433.98396683079955,429.378981286968
2021-02-15,439.043872055702,3126453,434.4562327964403,429.7243823198818
2021-02-16,440.2579030276321,2271300,435.06235117578234,430.1320758285164
2021-02-17,439.37208383711084,6238631,435.55296824817185,430.5254330027742
2021-02-18,441.6712835879773,4842411,436.11363933854744,430.97377198449584
2021-02-19,442.7858826297305,7310208,436.76506206872654,431.46053611635546
2021-02-22,444.91160686740847,7127764,437.4907908022906,431.90919656335734
2021-02-23,446.6708645512557,6859046,438.3180137797332,432.36684289559776
2021-02-24,445.51287452941153,7034207,439.05098552155835,432.84176478557464
2021-02-25,444.89251244901766,8940879,439.6617260919118,433.2575649560615
2021-02-26,446.88709965926415,4341861,440.188594341163,433.6183706228728
2021-03-01,448.60784019013107,8359201,440.9002811668403,433.9622924898794
2021-03-02,449.06603700220273,3615804,441.3965744956555,434.36615309176557
2021-03-03,449.80069176882034,5312717,442.0998093427538,434.79407615189876
2021-03-04,452.85602156039715,2982243,442.9459891889345,435.222429361896
2021-03-05,452.1728787827255,4413654,443.6741801755832,435.65542649496456
2021-03-08,453.76707354506556,6986417,444.42898171357535,436.0925547461541
2021-03-09,453.86268824019777,8863020,445.2258339383062,436.4906099291091
2021-03-10,453.92732583374334,4270209,446.02173026775006,436.9170350827982
2021-03-11,456.62487953771773,9604008,446.9768043758586,437.38979232480915
2021-03-12,458.7757122356938,8323988,448.0733565945603,438.0252169143824
2021-03-15,460.9027315076951,4324664,449.16629956715985,438.7341573950491
2021-03-16,464.0136891220037,9210880,450.3540888718785,439.50541975405764
2021-03-17,464.55569680526924,4594058,451.6132695202864,440.32743359401013
2021-03-18,466.4196027478592,5584258,452.8506854782805,441.1114291006572
2021-03-19,466.2990692346723,9117654,454.0263448085276,441.9402195921588
2021-03-22,467.4474019396492,5212377,455.1531345621396,442.7995785172279
2021-03-23,467.68711583091385,1233782,456.2039471261226,443.6485020970309
2021-03-24,468.3811077608992,7906117,457.347358787697,444.44365458387097
2021-03-25,470.0714218117731,7112674,458.60630425583474,445.32004783777563
2021-03-26,468.9349804453061,5809109,459.70869829513674,446.1171857142648
2021-03-29,473.61975499667705,4735466,460.95929403546415,446.99760975934055
2021-03-30,472.10772023367764,2583246,462.1113781970378,447.8770534551983
2021-03-31,470.17934300810214,1726331,463.130310759002,448.6894454675739
2021-04-01,472.9955647551023,2794291,464.1372879187372,449.54019952706665
2021-04-02,475.07889014302816,7353385,465.28258848675233,450.44662876940424
2021-04-05,476.8271297771325,5952075,466.4355912983557,451.37523072102437
2021-04-06,478.58382079566104,4898606,467.67164792612886,452.34437903688945
2021-04-07,479.0593272499672,3878117,468.92824799694006,453.30849678803065
2021-04-08,477.76481850699554,5481617,469.9852449454039,454.2102391373316
2021-04-09,478.416427623383,8374626,470.9672807147884,455.0515729963144
2021-04-12,477.5621042003588,6287913,471.80024934942156,455.91533300678987
2021-04-13,480.0123436671943,4733149,472.6001820766811,456.7327764716158
2021-04-14,480.21822890419,6316741,473.3833086816272,457.6224211531626
2021-04-15,479.067234510605,3804802,474.0156902697645,458.485117350639
2021-04-16,478.924462827299,5157263,474.64695994939586,459.31142542618994
2021-04-19,480.25032573585025,5488198,475.28710613920583,460.14301108520255
2021-04-20,479.62287663024233,3733460,475.8838941791722,460.9769557428957
2021-04-21,478.47843583910947,8084609,476.3887605830828,461.7863364747806
2021-04-22,479.46581026209327,7216538,476.8584800055987,462.62518473251157
2021-04-23,480.45574340431074,5115362,477.434518153549,463.49740624336454
2021-04-26,479.94185705356847,2252557,477.75062325639357,464.3153659433218
2021-04-27,479.4997804423318,2490687,478.1202262668263,465.10020349161584
2021-04-28,480.463880317047,5057025,478.6344531322735,465.9220394212145
2021-04-29,478.06771163405244,6272864,478.888060476221,466.6499679821361
2021-04-30,475.7527840852993,4788963,478.92175517333465,467.3093060112474
2021-05-03,474.81589564279443,4874910,478.8211934666177,467.9073917867551
2021-05-04,474.88900133937074,4368045,478.6364524938032,468.4717545225174
2021-05-05,476.01081647056674,6185773,478.4840269548331,469.0817133613406
2021-05-06,479.4615289044658,5832691,478.56886247470663,469.7730936904495
2021-05-07,481.6768481508699,1968616,478.7318835010809,470.46888866028166
2021-05-10,481.85697109094303,5217733,478.9466268456102,471.1338712782979
2021-05-11,482.31893867513764,8914520,479.06195659600735,471.7989293117566
2021-05-12,480.813879945862,2490036,479.0917391480909,472.41919307529736
2021-05-13,481.2768536738772,3869729,479.2022201062546,472.987609717567
2021-05-14,481.19953639603693,8585159,479.31597378469144,473.56814286983325
2021-05-17,482.34497351671314,8179156,479.42070617373463,474.13970086926616
2021-05-18,481.1905116296085,9944718,479.49908792370286,474.6862573370544
2021-05-19,482.72920465809085,8904428,479.711626364652,475.2622949135413
2021-05-20,486.29468248409603,5202271,480.0530699757522,475.85569097246895
2021-05-21,486.5771621871823,5042879,480.35914091489565,476.41171997149877
2021-05-24,487.8805856313802,3322523,480.7560773437863,476.9512770539724
2021-05-25,489.7608736148024,5746771,481.2691320024099,477.4662207438284
2021-05-26,489.4584326710307,9640145,481.718859620109,477.96427546114364
2021-05-27,490.4066176346515,2756124,482.33580492013897,478.4440157588794
2021-05-28,490.93180243621515,1841531,483.0947558376847,478.9366704229103
2021-05-31,491.6271546333128,1864645,483.9353187872107,479.4202654767836
2021-06-01,490.58113506560187,2428127,484.71992547352227,479.8781458614773
2021-06-02,491.13015541411977,6130076,485.4758924206999,480.33312681454174
2021-06-03,492.6261519966107,9859690,486.13412357530717,480.78422141823853
2021-06-04,496.02843921220074,5254849,486.85170312837374,481.3260905935764
2021-06-07,498.4469808643712,8574587,487.6812036170451,481.82263511093026
2021-06-08,503.2533457793943,7515350,488.72792397225794,482.4455476218446
2021-06-09,502.21865065361817,9336900,489.79816250764577,483.08633377475496
2021-06-10,504.4632919270596,2615777,490.9574844203048,483.71568831819405
2021-06-11,505.3299759385362,4512664,492.1640063974299,484.32071003410425
2021-06-14,510.2095818049716,1973181,493.5572368118427,484.98835907466105
2021-06-15,509.0929852342613,2491633,494.9523604920754,485.598542363433
2021-06-16,507.9135415498997,3061774,496.21157733666575,486.17562664943165
2021-06-17,507.21475625901166,3790358,497.2575810254116,486.76462540447193
2021-06-18,503.4669648103921,4860562,498.10207115657215,487.26563614821214
2021-06-21,502.91545476703055,7976610,498.85381461335453,487.77270315954564
2021-06-22,501.89718944392314,2765524,499.46063040481056,488.21040007508026
2021-06-23,502.6979770168756,2250632,500.1226076221029,488.6599950373339
2021-06-24,503.8814889684299,7210715,500.7963511887918,489.15628012649046
2021-06-25,508.13383064686167,9526086,501.65645259932415,489.7404674828816
2021-06-28,510.5346783232338,4243087,502.6018287838201,490.3461545346293
2021-06-29,509.880871011909,1909711,503.56681558113553,490.95131442226267
2021-06-30,508.58404166921224,4711584,504.43950989389015,491.55342653886476
2021-07-01,510.06788001222526,7913283,505.31159629467095,492.1654679338673
2021-07-02,507.927413598184,2619715,505.90654501397,492.71490133774483
2021-07-05,512.0903311298927,3590310,506.5887125272461,493.35787081927134
2021-07-06,514.9492113713352,7314768,507.17350580684314,494.0668594378514
2021-07-07,514.5108600671258,9324454,507.78811627751855,494.747799032853
2021-07-08,511.5845910089441,9815995,508.1441812316128,495.41813662035077
2021-07-09,514.7923357572749,7726451,508.6172992225496,496.1989276537903
2021-07-12,515.0632560667697,9064220,508.8599829356396,497.0038748622698
2021-07-13,518.0388886907166,2544613,509.30727810846236,497.8668726092967
2021-07-14,515.3500333731279,2297638,509.67910269962374,498.65365694734794
2021-07-15,514.6512833272203,8134897,510.05092905303417,499.357452035803
2021-07-16,515.1617707266566,8748670,510.6356693488475,500.02715048731875
2021-07-19,515.7557319141861,3430525,511.27768320620527,500.7051257037836
2021-07-20,515.3556009712277,8439103,511.9506037825705,501.36585894970545
2021-07-21,517.1013008359226,3456070,512.6707699735227,502.09160736750664
2021-07-22,515.4660599771574,9878234,513.2499985239592,502.7753914935722
2021-07-23,515.6813010071148,1288859,513.6273720419719,503.46502678579384
2021-07-26,516.4218922705386,6008341,513.9217327393371,504.1465651608703
2021-07-27,517.9507699386561,5749766,514.3252276856745,504.8817703270512
2021-07-28,519.8739996948339,2546236,514.8897255869555,505.6246662277861
2021-07-29,518.1247155111582,9982913,515.2925673619021,506.2612668883274
2021-07-30,515.556487169687,5257341,515.6740210404773,506.8408533879774
2021-08-02,518.6118408134839,4759834,516.0000965246569,507.4554784916196
2021-08-03,519.7764688374432,3627988,516.2414593979622,508.0557903960723
2021-08-04,518.77949576433,6477093,516.4548911828225,508.64221165793833
2021-08-05,522.3817997153751,9592974,516.994751618144,509.28171529955284
2021-08-06,523.1131489839609,1502420,517.4107922794784,509.9253422305077
2021-08-09,525.9717433520884,6529046,517.9562166437443,510.6122340048832
2021-08-10,526.6067803149086,2679161,518.3846112249538,511.3327469098694
2021-08-11,531.2282761646727,1660902,519.1785233645312,512.1347093248804
2021-08-12,535.238957849559,8562116,520.2079070906481,512.9869654419394
2021-08-13,535.2410295526009,2538112,521.2118700319452,513.7712172487475
2021-08-16,537.6841714545096,2726676,522.3082920089614,514.5559610605502
2021-08-17,539.47492335368,2685996,523.5142581280841,515.2803926120359
2021-08-18,542.7121864687447,4246417,524.7948024097252,516.0902633283384
2021-08-19,541.2823395475843,2352144,526.0856163882465,516.8266442807488
2021-08-20,543.1544424675812,2551330,527.4592734612698,517.5831336113298
2021-08-23,545.7712914412805,1971248,528.9267434198069,518.2943678040559
2021-08-24,542.7538124684343,5657851,530.1668955462958,518.9675843487395
2021-08-25,540.8872954431026,7695306,531.2175603337093,519.6270594266035
2021-08-26,537.3088310875825,6378750,532.1767661125306,520.228940923175
2021-08-27,537.2700174186934,3607411,533.2624426249807,520.905001975341
2021-08-30,539.2051019302853,2693439,534.2921056808208,521.6307949186061
2021-08-31,542.7098160344774,2831094,535.4387730406726,522.4470474504171
2021-09-01,543.3580055953169,4437172,536.667698532222,523.260248021986
2021-09-02,547.1152366864595,7919875,537.9043703807761,524.1249229763465
2021-09-03,544.8550337700296,6923361,538.9914646200796,524.8593470388099
2021-09-06,541.9482688913195,2963571,539.7902908970411,525.4876188501715
2021-09-07,542.3371734935262,6542511,540.5768105559721,526.136744899804
2021-09-08,543.6053043914048,9985826,541.1956619673086,526.8371701542478
2021-09-09,544.0399148952166,4815144,541.6357098195915,527.5166108519076
2021-09-10,540.4050306951369,4436252,541.8939098767183,528.1661631938467
2021-09-13,540.7267906161113,1817052,542.0460408347984,528.738892383571
2021-09-14,538.6178516151016,8596585,542.0031872478695,529.2122651884464
2021-09-15,540.4571967127616,7269324,541.8904377600703,529.7311919213591
2021-09-16,541.6903932049554,2428080,541.9108404429388,530.3333079652793
2021-09-17,540.3106336323007,3521279,541.7686500011748,530.8436739227799
2021-09-20,539.7828997976272,8503888,541.4692304189922,531.338066797397
2021-09-21,538.1644727538494,7119848,541.239763433263,531.7405784786597
2021-09-22,538.539114559303,3726016,541.1223543890729,532.2043601023832
2021-09-23,540.9493992003055,2244289,541.3043827947091,532.7303224198449
2021-09-24,539.4779471076343,1442939,541.4147792791562,533.2166459474644
2021-09-27,540.9860401386701,4282972,541.5038261895754,533.7212521119541
2021-09-28,540.4255249019252,9692832,541.3896116329478,534.222650590568
2021-09-29,539.3397792374005,5414473,541.188700315052,534.6674201585976
2021-09-30,539.6257185174914,3711793,540.8142244066037,535.1506133294043
2021-10-01,538.0552338726526,3319124,540.4742344117346,535.598091986715
2021-10-04,537.4479352619583,4923227,540.2492177302667,536.0186128465434
2021-10-05,535.5521794767806,3073290,539.9099680294294,536.370641037306
2021-10-06,539.9816297426133,3518970,539.7287842969898,536.7727936382615
2021-10-07,540.5521568465567,4889877,539.5543963945568,537.2213424649694
2021-10-08,539.6527058305716,2727408,539.5167801513286,537.7032668381872
2021-10-11,540.58066565204,3801742,539.5094739031249,538.1426433349583
2021-10-12,540.8560095526584,2055675,539.6213818000027,538.5642341492626
2021-10-13,540.9140703535919,7016854,539.6442254820442,539.0069256410478
2021-10-14,542.6424037536788,8436754,539.6918260094805,539.4121377218139
2021-10-15,544.6574191737734,1965188,539.9091652865542,539.8430231256102
2021-10-18,544.0964168785524,3161088,540.1248411406003,540.2055165961395
2021-10-19,543.444780397263,9018006,540.388856522771,540.5422765977866
2021-10-20,543.3946770029597,3320484,540.6316346449539,540.7856046145523
2021-10-21,539.2908346734886,5105223,540.5487064186129,540.8666421510309
2021-10-22,536.7604525490915,1487510,540.4128316906858,540.8970306109607
2021-10-25,539.9942010839804,7354986,540.3632397379514,540.9432312035501
2021-10-26,543.7841365109831,8609964,540.5311703184043,541.0294154666962
2021-10-27,543.7860644318703,6795250,540.7534845781278,541.0508930259587
2021-10-28,545.4391783579819,5055447,541.0441575701523,541.1340298021667
2021-10-29,546.5616786670689,2673879,541.4694798098732,541.2021745261563
2021-11-01,553.2194402839793,2780752,542.2580550609742,541.3511375030104
2021-11-02,555.9585901068485,4293331,543.2783755924776,541.6152330557786
2021-11-03,556.202754923887,4764455,544.0894318515412,541.9215422453943
2021-11-04,554.7916740426862,8253817,544.8014077113478,542.2711991044964
2021-11-05,552.078781402171,5335518,545.4227114899277,542.567374384166
2021-11-08,552.9857086739055,9791690,546.042963641021,542.8429865190383
2021-11-09,551.9730071833369,9589747,546.598813522555,543.0282503420156
2021-11-10,549.6284997641415,6222798,547.0345349930824,543.1536602253921
2021-11-11,548.8353539956564,4904722,547.3441825051812,543.188062571576
2021-11-12,547.1722579884276,6215622,547.469924445914,543.234407055944
2021-11-15,551.0465412585728,7879771,547.817430664915,543.416372503289
2021-11-16,553.3098207724717,9481209,548.3106826836754,543.6358254488679
2021-11-17,553.7938754898385,4175684,548.8306426080194,543.8395968708367
2021-11-18,557.2537637676185,1629085,549.7287890627259,544.1038738482846
2021-11-19,557.9085003829138,7071845,550.786191454417,544.4539432420402
2021-11-22,556.6859319802572,3518638,551.6207779992308,544.7731260693231
2021-11-23,560.2321801347966,1603103,552.4431801804215,545.205412639717
2021-11-24,561.8100002221659,2989968,553.3443769699363,545.632468709905
2021-11-25,560.235507913513,6303943,554.0841934477128,546.0033710040761
2021-11-26,560.3548305573458,6497191,554.7738510422266,546.4042549425772
2021-11-29,559.1035940505762,2257008,555.0680587305565,546.7906688276361
2021-11-30,556.8379945886477,7473507,555.1120289546465,547.1641392643321
2021-12-01,559.1903496837109,8437693,555.2614086926377,547.5771639668202
2021-12-02,563.5091829646512,6137997,555.697284138736,548.0283596421071
2021-12-03,561.212047817013,8270518,556.1539474594781,548.4630416562948
2021-12-06,562.837986290394,6511934,556.6465613403025,548.9000805793291
2021-12-07,562.0367011521504,9173321,557.149746038743,549.3323041043337
2021-12-08,561.562450384621,8899284,557.746443569767,549.776757527278
2021-12-09,560.8776625361432,2003171,558.3485589967916,550.2017964076512
2021-12-10,559.6496809967837,8214938,558.9724301472093,550.6336853501339
2021-12-13,560.2467242526733,3900737,559.4324392969143,551.0896611299481
2021-12-14,559.0848240198512,2370485,559.7211894592832,551.5603140208094
2021-12-15,560.1257376714109,8045900,560.0377825683619,551.9631961793854
2021-12-16,560.5252614525126,2681076,560.2013574526065,552.3626582715045
2021-12-17,560.5473653587799,9501598,560.3333007013999,552.7805514620687
2021-12-20,559.2322380346966,6312399,560.4606160041219,553.1535829097219
2021-12-21,558.5786953735599,1981883,560.3779417660601,553.5080366261399
2021-12-22,560.5894778252114,2668321,560.3169156462124,553.9015447755722
2021-12-23,562.0913122004602,4293705,560.4097058605596,554.2905229445079
2021-12-24,560.6362017108631,7154512,560.4237744182354,554.6100985952496
2021-12-27,561.3348663217215,4759505,560.5353380317928,554.954867584113
2021-12-28,563.3376405684651,9415414,560.8603203307837,555.3527247875371
2021-12-29,560.4988300062223,6418952,560.9257443469093,555.6948078476023
2021-12-30,562.0855503909822,5609688,560.8545627182258,556.1507021619523
2021-12-31,561.2603028730905,5264423,560.8569754710296,556.6406991684322
2022-01-03,562.9015002102768,9181883,560.8601511670238,557.0988451509581
2022-01-04,561.8749818971918,9306681,560.852065204276,557.4606620586823
2022-01-05,558.7652176958627,8170837,560.7122035698379,557.7602451239621
2022-01-06,556.0101328200965,2519603,560.4688270840355,557.9716642132045
2022-01-07,556.6063027134192,2750740,560.3166581698674,558.1725566941315
2022-01-10,557.6257477168622,1863403,560.1856093430769,558.2606828427892
2022-01-11,556.3171144666534,1885421,560.0472238654169,558.2678533299852
2022-01-12,558.0942993842082,5278384,559.9456519510568,558.3056842191916
2022-01-13,555.2712592596702,6495671,559.6829518414147,558.3152759235313
2022-01-14,555.6390996623755,1978836,559.4375385565944,558.3864822887354
2022-01-17,553.7170672628506,4223522,559.1617800180022,558.4011094605144
2022-01-18,552.9133950472464,3217181,558.8785150016864,558.4199172177925
2022-01-19,553.5081923898791,9568438,558.5244507299199,558.4975110703073
2022-01-20,552.2873656593113,2556518,558.0342534028624,558.5665513035804
2022-01-21,552.0182545708516,3659083,557.6033560458619,558.6634712352288
2022-01-24,554.5308401892805,5113640,557.2631547392398,558.733157213843
2022-01-25,553.8770564502342,5500398,556.7901255333284,558.7445019273982
2022-01-26,556.0484406743644,5877708,556.5676060667354,558.7895932310887
2022-01-27,554.2890269650493,8880317,556.1777798954387,558.7302984950373
2022-01-28,555.8486353208798,9281447,555.9071965178282,558.6891011937967
2022-01-31,559.2317725621956,4895958,555.7237101354241,558.7400180054354
2022-02-01,554.788483561941,8076042,555.3693852186616,558.6311440739784
2022-02-02,553.6946930510001,9839765,555.1158589864184,558.468837930555
2022-02-03,555.3488373053611,2265898,555.0827942106818,558.371104518392
2022-02-04,555.4427465332752,3120539,555.0246164016745,558.2728628379106
2022-02-07,556.6850382800178,1880412,554.9775809298322,558.2244917224994
2022-02-08,555.9770679065862,6947148,554.960578601829,558.2072731888582
2022-02-09,556.650247481532,4231185,554.8883760066951,558.1564711448146
2022-02-10,556.8388930107478,8319764,554.9667576942489,558.0230653457365
2022-02-11,559.6744571340673,9706483,555.1685255678336,557.9923135320776
2022-02-14,560.6832988206697,6923098,555.5168371457246,557.9492197826831
2022-02-15,561.8585041448202,2228337,555.9640926006033,557.9456558425366
2022-02-16,561.5347502125753,1484814,556.3654204917381,557.9451018390956
2022-02-17,561.0595377644303,9359922,556.804029096994,557.9487393436614
2022-02-18,560.694421388791,4690583,557.237837437891,557.9696341515014
2022-02-21,561.9833256735476,2599908,557.6104617121043,558.004366179919
2022-02-22,561.6413567119071,3164412,557.9986767251879,558.0554968337601
2022-02-23,562.7209064256999,6309792,558.3323000127547,558.1074002088459
2022-02-24,567.3717080229908,3353847,558.9864340656518,558.2443291402556
2022-02-25,569.6139574298542,3892478,559.6747001711004,558.425660981677
2022-02-28,569.4619103655184,2984117,560.1862070612667,558.6302544282934
2022-03-01,572.3643382098464,6949852,561.0649997936619,558.9059672850191
2022-03-02,572.0481874638033,1029725,561.9826745143021,559.135141477791
2022-03-03,568.4719383934475,1888036,562.6388295687063,559.2627540016507
2022-03-04,566.9557657716127,3971783,563.2144805306232,559.3891452828657
2022-03-07,563.714181929561,3662761,563.5659377131004,559.4367315950225
2022-03-08,563.5111549614785,7524559,563.9426420658451,559.4402018828828
2022-03-09,564.0479917198575,3513024,564.3125292777613,559.5111851171555
2022-03-10,567.9008663444081,3398083,564.8656279444443,559.627491436224
2022-03-11,569.0547210919365,7536295,565.3346411423379,559.7833798006009
2022-03-14,569.1165200343187,4909439,565.7563022030203,559.9076801970817
2022-03-15,571.2753311966857,6627745,566.2271435556135,560.0956871830716
2022-03-16,567.3530605786699,4911146,566.5180590739183,560.2674440407277
2022-03-17,568.324289694887,2707017,566.8812966704411,560.5137271782235
2022-03-18,570.366020082661,1689556,567.3648766051346,560.7889215256084
2022-03-21,567.9088475911013,8288538,567.6611527010123,560.9945835230932
2022-03-22,570.6963556775152,3253722,568.1139026492926,561.2821683473104
2022-03-23,571.873348492504,2649729,568.571524752633,561.5577493294763
2022-03-24,571.5427726647024,2116271,568.7800779847186,561.8831795975769
2022-03-25,573.3083363969149,4099555,568.9647969330715,562.2365643322678
2022-03-28,578.3497221125238,6683797,569.4091875204218,562.7292174292612
2022-03-29,579.2134546226407,2681641,569.7516433410615,563.255218620769
2022-03-30,580.2098957952414,1516409,570.1597287576335,563.7892526888763
2022-03-31,579.791173996161,1666165,570.7256905377691,564.3393288556133
2022-04-01,578.5914852572314,3788363,571.30747651205,564.870793469341
2022-04-04,580.7521568903198,5476321,572.1593752600879,565.3952198033617
2022-04-05,579.5399892385021,4710388,572.9608169739391,565.9084784591271
2022-04-06,580.1831217129409,4235192,573.7675734735933,566.3911720798986
2022-04-07,579.7278068194107,2935090,574.3589204973434,566.8999476769858
2022-04-08,581.1857664709034,4937270,574.9654727662917,567.4066902999864
2022-04-11,582.3530906814774,7739013,575.6273012986496,567.869116662372
2022-04-12,584.9281705699932,8089975,576.3099432673151,568.471910402533
2022-04-13,584.4081377722837,9805586,577.1626971269958,569.0861792969587
2022-04-14,584.3683879016969,2033316,577.9649020373363,569.6665703088853
2022-04-15,582.9108604701323,5819075,578.5921440567098,570.2159325876225
2022-04-18,582.5222739499801,5742297,579.3228153746537,570.7326773010218
2022-04-19,583.7768749360698,4868452,579.9768413375815,571.2886734416114
2022-04-20,585.7908521693605,9074037,580.6727165214244,571.8714855353679
2022-04-21,584.4465215210053,2312743,581.3179039642393,572.4236381055732
2022-04-22,586.6857333612165,8420105,581.9867738124545,572.9638636301162
2022-04-25,589.8970090788265,1104195,582.5641381607696,573.5481378352792
2022-04-26,591.223878885274,8008443,583.1646593739013,574.1354453300884
2022-04-27,595.47747051039,6276728,583.9280381096587,574.8142997360446
2022-04-28,594.4298921121829,5101036,584.65997401546,575.4817068229997
2022-04-29,592.44058270556,3165251,585.3524288878764,576.1166300493351
2022-05-02,589.3831422077515,8303693,585.783978153748,576.6646263800192
2022-05-03,592.8752308307298,4214850,586.4507402333593,577.2893038623956
2022-05-04,594.6839621434381,8983439,587.1757822548841,577.9285649767503
2022-05-05,595.0727928016171,9874883,587.9430315539944,578.4825866723229
2022-05-06,596.1327300542567,9687479,588.6903797331622,579.012962124811
2022-05-09,594.38175195966,9268541,589.2918127970713,579.5113589566938
2022-05-10,599.7732559188937,3949281,590.0340670645162,580.0595373108747
2022-05-11,600.5316982828441,8356061,590.8402450900443,580.6292075272555
2022-05-12,601.2504878720539,2294929,591.6843500885622,581.2847785168276
2022-05-13,603.2020211198512,3504594,592.698908121048,582.0097036237925
2022-05-16,604.6640395833247,2243294,593.8059964027153,582.8287007768677
2022-05-17,605.611807631883,4567675,594.897743037506,583.6707138302758
2022-05-18,604.5308587209923,8711634,595.8347433650875,584.4803711702986
2022-05-19,605.9737954352643,3414802,596.9111070608005,585.2418297521157
2022-05-20,610.2378444282144,1443031,598.0887126141504,586.0654922188412
2022-05-23,613.4286845205243,7444345,599.2652963862354,586.9517355085653
2022-05-24,617.1150577738031,3790373,600.5598553306618,587.8685300401077
2022-05-25,616.5926264209407,4916643,601.6156131261894,588.8533213569531
2022-05-26,615.1134167804236,8061183,602.6497893596013,589.7891038986638
2022-05-27,615.3618429402243,4287058,603.7958523713345,590.689020355815
2022-05-30,615.9732927648017,6510493,605.1253598991871,591.6503092592891
2022-05-31,618.6616758017435,1290998,606.4146821477377,592.6096156617737
2022-06-01,615.776746542314,5855920,607.4693213676816,593.4876836227699
2022-06-02,619.3358471812352,2828022,608.6824740866625,594.4435451131005
2022-06-03,619.5198313840772,7367712,609.8518291531534,595.3677750128438
2022-06-06,619.1660692441824,2409854,611.0910450173795,596.1841019554769
2022-06-07,617.641860493662,8997043,611.984475246118,596.9526700728973
2022-06-08,614.8321471499305,1181360,612.6994976894723,597.6451150999911
2022-06-09,616.9784883178543,3444026,613.4858977117623,598.388861386425
2022-06-10,617.6251242522311,3515419,614.2070528683814,599.169534166325
2022-06-13,615.545202452749,6532410,614.7511110118525,599.8653950775736
2022-06-14,613.4550449086217,5138286,615.1432728756895,600.543696190976
2022-06-15,613.2834755100415,9333100,615.5809037151419,601.205703266918
2022-06-16,617.1215185606203,7893728,616.1382898714098,601.9535775017422
2022-06-17,617.1023358578931,4584197,616.4815144428937,602.671908889482
2022-06-20,614.5960499516568,1311955,616.5398827144503,603.3167680748854
2022-06-21,614.604563823485,3127599,616.4143580169344,603.9102959399554
2022-06-22,614.5591166839896,5933594,616.3126825300868,604.5133155181895
2022-06-23,609.6653433981064,5835451,616.0402788609711,605.0192546281177
2022-06-24,610.0567536650708,5382794,615.7750243972133,605.5621724920164
2022-06-27,610.0948846046535,8323494,615.4811039892058,606.1136247051099
2022-06-28,611.9872973342804,7699144,615.1473850658329,606.6778331530742
2022-06-29,616.185209524171,5698713,615.1678082149256,607.2857203001704
2022-06-30,618.9383395832665,8867791,615.1479328350272,607.9755566614156
2022-07-01,618.9005622021568,4790328,615.1169693759311,608.6198532382343
2022-07-04,617.1875103846735,6289730,615.0180414329557,609.1656632643513
2022-07-05,622.8342299911733,5437610,615.2776599078312,609.7978702864693
2022-07-06,623.4526668592023,4239536,615.7086858932948,610.3573742134455
2022-07-07,623.9805254430281,3326133,616.0587877495535,610.9483868800625
2022-07-08,624.4322752688081,8948140,616.3991453003823,611.5882207313275
2022-07-11,625.3284447903438,6720626,616.8883074172621,612.3071267829793
2022-07-12,625.5397239664959,7221714,617.4925413701559,612.9604166456945
2022-07-13,624.8923999527354,7374825,618.0729875922906,613.5645854018805
2022-07-14,624.2986820702547,6005858,618.4318457677722,614.1491031872533
2022-07-15,624.7331755298226,8028722,618.8133877513687,614.7211120967645
2022-07-18,624.1463259875551,9221252,619.2909015531636,615.3164035773225
2022-07-19,623.2206344222008,9975708,619.7217050830994,615.7853511473886
2022-07-20,623.9334948775845,4415871,620.1904239927792,616.2533870792835
2022-07-21,623.9235404427429,2877971,620.903333845011,616.7068481306973
2022-07-22,627.4315264199083,8997488,621.772072482753,617.1914382366983
2022-07-25,622.6295868031223,7814612,622.3988075926763,617.5507491810943
2022-07-26,625.3126005069672,5963401,623.0650727513106,617.944765038596
2022-07-27,628.3047708919624,3866757,623.6710508197002,618.4202432820153
2022-07-28,624.6579904271462,6913318,623.9570333618942,618.793927181853
2022-07-29,624.4726152389854,7741286,624.2356360137356,619.0786225980685
2022-08-01,624.2297335069939,2577969,624.5877471698517,619.2946435777978
2022-08-02,621.9147101175582,4651387,624.5417711761709,619.390636624673
2022-08-03,620.8590767423765,2711672,624.4120916703297,619.4759656311016
2022-08-04,619.1379250514449,6905950,624.1699616507505,619.5564557965222
2022-08-05,623.142465938292,4212883,624.1054711842247,619.7120682564835
2022-08-08,625.513822724587,4028631,624.1147400809368,619.9028788556792
2022-08-09,628.5569329145753,8232212,624.2656005283408,620.1007839979358
2022-08-10,630.5002770426618,7423959,624.5459943828371,620.3952546079428
2022-08-11,628.7421735002274,7984297,624.7681689543358,620.5833811343225
2022-08-12,628.1931329676678,5024733,624.941166826228,620.7568471659944
2022-08-15,629.6718820901236,5859221,625.2174446313563,620.9669634229133
2022-08-16,627.7276264723398,4801250,625.4427942338633,621.1686787424868
2022-08-17,629.6536233326844,1019675,625.7288006566184,621.4651082661418
2022-08-18,629.6729725363682,9462605,626.0162722612997,621.7189979505122
2022-08-19,629.423330921269,1486799,626.1158624863676,621.954962083893
2022-08-22,631.345250857676,7810805,626.5516456890954,622.2709630519914
2022-08-23,632.7337774806481,3238057,626.9227045377794,622.6565377034319
2022-08-24,632.5118451490098,5464344,627.1330582506318,623.0411050962114
2022-08-25,635.3305047557383,1566088,627.6666839670614,623.4052848201137
2022-08-26,633.6683781005386,7558947,628.126472110139,623.7366056649666
2022-08-29,635.4002493144271,1658003,628.6849979005107,624.1526896522221
2022-08-30,637.0864518303638,1805113,629.443584986151,624.6023274123596
2022-08-31,636.9673589517358,6028035,630.248999096619,625.0504922577146
2022-09-01,638.1196249962202,5034464,631.1980840938578,625.6195778896767
2022-09-02,636.1173978434495,3092101,631.8468306891157,626.1407907732444
2022-09-05,638.4654518818634,6995134,632.4944121469794,626.7082021187886
2022-09-06,638.5956476089773,9503967,632.9963478816995,627.2403691242826
2022-09-07,638.0502015679392,7208714,633.3738441079634,627.6776689651579
2022-09-08,640.6482200196131,7762126,633.9691464339327,628.1118665738848
2022-09-09,639.7395326385275,7342057,634.5464664174756,628.5286459826123
2022-09-12,637.4226100458004,4541483,634.9340028152594,628.9333479758347
2022-09-13,634.8093516987526,2512760,635.2880890765801,629.1728504099863
2022-09-14,636.5213716014439,4557689,635.6314764900181,629.4342245048311
2022-09-15,634.4605128964513,2863236,635.8708535080222,629.6438242538997
2022-09-16,638.47010126042,8863426,636.3231920249798,629.9245807737319
2022-09-19,634.8062424446525,1450930,636.4962416043286,630.1141367268181
2022-09-20,638.6991551812326,8402324,636.7945104893579,630.3773253511127
2022-09-21,639.6211901156379,8946232,637.1499777376893,630.6719011543707
2022-09-22,639.927763891897,4498408,637.3798406944971,630.9844827908037
2022-09-23,639.3379257182792,6403252,637.6633180753843,631.2765777945729
2022-09-26,640.6361979469833,1091006,637.925115507012,631.6063752337614
2022-09-27,641.0609285421336,5151785,638.1238393426005,631.9631811161601
2022-09-28,643.7675323061667,1688725,638.4638480103221,632.3598618647317
2022-09-29,644.4959876034908,1206487,638.7826661406855,632.7713108079466
2022-09-30,645.2965911264146,7389308,639.2416258048338,633.1286121020768
2022-10-03,645.0693667019868,4637820,639.5718215458401,633.577407700054
2022-10-04,645.4554754545447,4284321,639.9148129381184,633.9802651990055
2022-10-05,646.5710789923288,8018523,640.3408568093379,634.3455913610129
2022-10-06,643.6507422070156,1678841,640.4909829187079,634.7254463966103
2022-10-07,641.4543713628042,6420712,640.5767248549218,635.0650815190868
2022-10-10,643.4408995508496,4452501,640.8776393301742,635.4493048399638
2022-10-11,644.2826304271055,9433840,641.3513032665919,635.8966632461547
2022-10-12,644.4146637544002,3445840,641.7459678742397,636.3677749863953
2022-10-13,644.9515316205309,6451973,642.2705188104437,636.884047117777
2022-10-14,646.1466950312542,2379904,642.6543484989854,637.3441316996363
2022-10-17,645.5671756706356,8353172,643.1923951602846,637.7451987585572
2022-10-18,644.5105662198309,2437188,643.4829657122145,638.0642714246623
2022-10-19,645.4022567300262,2656321,643.7720190429338,638.3623110184095
2022-10-20,643.9455111747963,1538645,643.9729064070789,638.6663777719009
2022-10-21,645.2620166862253,6354552,644.2691109554761,639.0077554462721
2022-10-24,642.3568494777495,5525121,644.3551435320145,639.2614547940246
2022-10-25,644.9151607524008,6832801,644.5478551425279,639.6052054796259
2022-10-26,646.3603557172269,7911855,644.6774963130808,639.9393401273167
2022-10-27,647.3724151858546,7550091,644.821317692199,640.2933289803063
2022-10-28,649.8377971537457,8790574,645.0483779935656,640.7016183049559
2022-10-31,653.6687460426708,4366823,645.4783469605998,641.1480882086558
2022-11-01,656.197486172707,8370683,646.0154474965079,641.617362382497
2022-11-02,653.0157377100438,3167354,646.3376804323937,642.0274402337177
2022-11-03,650.9565837765724,7439522,646.7029725108716,642.3399618141343
2022-11-04,650.206946621181,6047999,647.1406012737904,642.6707331845472
2022-11-07,650.7591287216026,5385010,647.506512732328,642.9779107726907
2022-11-08,652.2944467625409,5818750,647.9071035490998,643.2820706713343
2022-11-09,651.342959136234,5991536,648.2535183181915,643.5695826750242
2022-11-10,652.2164926651881,4471750,648.6167663704243,643.8515200284036
2022-11-11,651.2057268004814,5475156,648.8697179588856,644.1532866075443
2022-11-14,650.4826911944976,3765331,649.1154937350788,644.3936313937969
2022-11-15,648.1693690008012,9070297,649.2984338741273,644.5851058216333
2022-11-16,646.8229025085793,9976766,649.369466163055,644.7605598404463
2022-11-17,644.6195332973467,3630723,649.4031672691825,644.8399861060009
2022-11-18,643.167786791392,1865139,649.2984557744409,644.9085511890581
2022-11-21,645.7750703846077,8543159,649.4693668197838,645.0756003958343
2022-11-22,644.3762726069439,6384935,649.4424224125108,645.2669388139981
2022-11-23,650.1410367366186,3901717,649.6314564634805,645.5393321167016
2022-11-24,651.6276725383805,7285939,649.8442193311068,645.8826753095402
2022-11-25,652.4973447857702,7816525,649.977196712708,646.1632201800472
2022-11-28,651.2806292254078,3211738,649.8577908718448,646.4927079156623
2022-11-29,653.1812489842257,6692796,649.7069790124208,646.7823497917223
2022-11-30,652.5299733317502,9678376,649.6826907935061,647.0405254560444
2022-12-01,653.2739929610409,7822567,649.7985612527294,647.3074500374273
2022-12-02,658.8941620375786,3639929,650.2329220235495,647.6985747638133
2022-12-05,659.2020422381293,4133211,650.6550676993758,648.0698916496362
2022-12-06,662.0005888907006,8440449,651.1403748057837,648.4886848566075
2022-12-07,661.0942360404488,2726199,651.6279386509943,648.8352189312932
2022-12-08,661.5242590594548,6071915,652.0933269707077,649.1757843604124
2022-12-09,665.5658603307259,1443945,652.81133364722,649.5811697444987
2022-12-12,664.8119262151504,8382003,653.5277953982526,649.976020934762
2022-12-13,668.9368233311443,7310114,654.5661681147698,650.4456478922939
2022-12-14,670.8523272020552,1021253,655.7676393494437,650.9312728564885
2022-12-15,670.2273936502665,4603110,657.0480323670896,651.4628058853534
2022-12-16,671.9922091283777,3276787,658.4892534839389,652.0735626406649
2022-12-19,674.4373180276311,8690840,659.92236586609,652.6934910102005
2022-12-20,676.1809379520655,7501553,661.512599133346,653.3314571606998
2022-12-21,673.5404885122846,2274634,662.6825717221294,653.9139736558575
2022-12-22,672.5862141606348,3755063,663.7304988032422,654.4666673066595
2022-12-23,672.5911768895318,2228807,664.7351904084302,654.9955569438251
2022-12-26,672.9423100313317,9511383,665.8182744487265,655.5430596310391
2022-12-27,674.683654226433,6163515,666.8933947108368,656.1465213911711
2022-12-28,675.5390562282995,8601748,668.0438488556642,656.7492573811365
2022-12-29,673.3683675108794,5463158,669.0485675831562,657.3377145078582
2022-12-30,674.6287632128913,9803208,669.8352976419218,657.9250494383916
2023-01-02,676.3499347034589,7181422,670.6926922651883,658.6049111429057
2023-01-03,677.969515599321,3269070,671.4911386006193,659.2659982398442
2023-01-04,680.6310770504302,5413359,672.4679806511184,659.9514126665081
2023-01-05,682.7989213595281,8640167,673.531713766122,660.6599427899815
2023-01-06,684.2172815179849,3831569,674.464284825485,661.3475324772666
2023-01-09,684.5769500950676,8322153,675.4525360194809,661.9656965583143
2023-01-10,681.7550282280356,3519507,676.0934462643254,662.476847399421
2023-01-11,683.1142646663009,2256715,676.7065431375377,663.0788179385461
2023-01-12,684.0296400406271,9468865,677.3966554570558,663.7402790638272
2023-01-13,685.0727977150177,2526534,678.0506848863877,664.4375960857038
2023-01-16,683.0193005633771,1824143,678.479784013175,665.0827995225394
2023-01-17,681.3571874825607,8346562,678.7385964896998,665.6640543369398
2023-01-18,683.9634931892265,4802986,679.2597467235469,666.3164650179996
2023-01-19,684.3843828815131,1371616,679.8496551595908,666.9598228223263
2023-01-20,686.2473842762583,2960155,680.5324655289271,667.6606559718417
2023-01-23,686.8040210285193,3710527,681.2255510787866,668.3870825685221
2023-01-24,687.3635333075108,2768967,681.8595450328405,669.1709658546563
2023-01-25,689.7401009194627,9370043,682.5695972673985,670.0293098228741
2023-01-26,689.208011463028,1279215,683.361579465006,670.9210793861877
2023-01-27,689.90025301691,3843236,684.125153955207,671.855728710698
2023-01-30,689.4757024394999,8379933,684.7814423420089,672.7297413517958
2023-01-31,689.1067099846352,9661957,685.3383020612748,673.6243500993497
2023-02-01,688.988365737698,7153973,685.7561664956381,674.4012966793713
2023-02-02,689.9326332809654,7035218,686.1128520917099,675.167395894223
2023-02-03,689.4751360376385,2960584,686.3757448176926,675.9069517192604
2023-02-06,692.4866482887855,7223754,686.7712297273786,676.7310721005279
2023-02-07,691.1974336843466,6585709,687.2433500001941,677.4913957945303
2023-02-08,691.3236903960238,1578688,687.6538212866802,678.2672701358156
2023-02-09,690.9442282794755,5226156,687.9995506986227,679.0206748421843
2023-02-10,694.3381840481829,6755892,688.4628200152808,679.7295552823965
2023-02-13,695.2312936012061,8983372,689.0734196671724,680.450140309658
2023-02-14,697.7949826801434,9127747,689.8953094270515,681.166028185447
2023-02-15,695.3238619340694,5227995,690.4633278642935,681.8506207033192
2023-02-16,696.357962465808,8337694,691.0620068435085,682.5472947714463
2023-02-17,698.6372240570549,9921334,691.6814988325482,683.208722045973
2023-02-20,699.3017920356058,4952255,692.3063873829026,683.8985193623821
2023-02-21,701.9327527857365,4817242,693.0348483568139,684.5584379514739
2023-02-22,701.3981758855357,5990488,693.6177521051175,685.1693549251436
2023-02-23,704.7168707659068,1239968,694.3931950702614,685.8591444674563
2023-02-24,709.8146670131453,9677571,695.3889157700731,686.6155936251516
2023-02-27,709.588989892266,3592536,696.3945801427114,687.3186270624444
2023-02-28,709.1979848494644,6504381,697.3991438859529,687.9789680003923
2023-03-01,712.6047538036999,1519165,698.579963289253,688.7602533062206
2023-03-02,716.2638980951613,5414084,699.8965265299628,689.6338069849112
2023-03-03,715.7181780408548,4440866,701.2086786301237,690.4963470079377
2023-03-06,715.377804406663,4878363,702.3532364360175,691.3450568954443
2023-03-07,715.314235188942,2027557,703.5590765112472,692.1576685146945
2023-03-08,713.1253341668735,8435697,704.6491586997897,692.9093940734659
2023-03-09,711.7880302739051,6898885,705.6913487995113,693.6777873287264
2023-03-10,710.2797487404009,8601723,706.4884270341222,694.3908070392768
2023-03-13,709.2441536101926,8946155,707.1890700345714,695.0486914174113
2023-03-14,709.674783835419,6688238,707.7830600923352,695.6827967821332
2023-03-15,710.6432133004921,7703560,708.5490276606564,696.2830395071345
2023-03-16,714.2442142861203,2785559,709.443340251672,696.9119453656663
2023-03-17,712.7475062046426,9697057,710.1488543590515,697.4825498593995
2023-03-20,715.2161510015958,1533634,710.9445723073509,698.09533387753
2023-03-21,715.2881733131449,4932747,711.6123433337212,698.7659967792324
2023-03-22,715.68924589384,9578845,712.3268968341365,699.4174964037832
2023-03-23,717.5388848781731,9102873,712.9679975397498,700.087681300534
2023-03-24,715.7934408350486,5623636,713.266936230845,700.7020941629347
2023-03-27,717.0582603274166,8556855,713.6403997526025,701.3828733582154
2023-03-28,717.8911647438428,6334233,714.0750587473215,702.113552903441
2023-03-29,719.376067271859,2406368,714.4136244207294,702.8218043850937
2023-03-30,720.4544045596747,7841300,714.6231497439551,703.5432048186569
2023-03-31,725.8650048394965,6785267,715.1304910838873,704.3355572299217
2023-04-03,725.0895248709938,2224744,715.6160771071037,705.1012673067712
2023-04-04,724.5275309609901,6970226,716.076741895706,705.8445472598407
2023-04-05,723.7812499081406,5862894,716.6095376827694,706.5253702396143
2023-04-06,723.1702956698201,3131018,717.1786509525652,707.2046159237501
2023-04-07,722.3955214152071,9210710,717.7844395863056,707.8545212917161
2023-04-10,725.2735544774222,4489429,718.585909629667,708.5704783324744
2023-04-11,728.6145629734019,7888260,719.5328985865661,709.3606353922498
2023-04-12,727.9730703859029,7478443,720.3993914408367,710.1403294852139
2023-04-13,726.8083592396945,1294746,721.0275986885154,710.8778440043884
2023-04-14,728.2511903524673,6710754,721.8027828959066,711.6533650906852
2023-04-17,727.6467442639055,6432019,722.4243125590222,712.3565670101875
2023-04-18,729.4126078994165,5352892,723.1305342883358,713.1208704944889
2023-04-19,730.3184539411191,2702159,723.8619946906997,713.9007657653908
2023-04-20,727.7869657111246,4757985,724.3743987323472,714.6376205140239
2023-04-21,731.3819761137847,4802177,725.1538254962841,715.378496355336
2023-04-24,735.4737314599759,9512558,726.0745990529119,716.1833451125111
2023-04-25,734.748154079007,2153224,726.9174485196702,716.9224085404885
2023-04-26,734.472750959135,3650235,727.672282704034,717.7053863209898
2023-04-27,735.5444817405848,5740039,728.4267865630795,718.4891167064853
2023-04-28,736.7133953205589,9299350,728.9692060871326,719.2506401317554
2023-05-01,738.5304838659046,3303554,729.6412540368782,720.0352139683614
2023-05-02,743.0508929434372,5020120,730.5674221360006,720.8575767715155
2023-05-03,743.1969984884491,3946862,731.5382095650159,721.6935532235736
2023-05-04,742.1004039993722,3676517,732.4847149814935,722.4412238882429
2023-05-05,739.8417655433432,5307086,733.3570271879004,723.0417658588469
2023-05-08,738.8799054634594,8331006,734.0373447372023,723.6275841702707
2023-05-09,739.3136515177118,9329442,734.5722991644177,724.2298975036359
2023-05-10,743.4027672447473,7169912,735.34378400736,724.8458577724568
2023-05-11,742.867544646675,9831924,736.146743277709,725.3779307034871
2023-05-12,743.8151205499528,4517741,736.9249397875832,725.9398695536689
2023-05-15,744.2822747578073,7168563,737.7567163122783,726.5179589606918
2023-05-16,747.1590613047035,4456653,738.6440389825427,727.1548554830072
2023-05-17,752.7129261564507,6429219,739.7637625933093,727.9466073227986
2023-05-18,752.15118861061,1475595,740.9819737382835,728.7538704895327
2023-05-19,751.6723097255735,2888806,741.996490418873,729.5817217092361
2023-05-22,754.2606314797117,3148091,742.9358354198597,730.4820512666266
2023-05-23,756.1244144589643,4961676,744.0046484388577,731.4110438790974
2023-05-24,760.3178291104364,2760462,745.2969023464227,732.4045361952964
2023-05-25,761.9856854810882,5058848,746.6189625334479,733.3593656191957
2023-05-26,761.7671012995143,1809178,747.8716478323956,734.3397575210931
2023-05-29,763.4484109608989,8932310,749.1175441871453,735.3044027202793
2023-05-30,766.1658181220646,5777402,750.2732904460767,736.3219556164576
2023-05-31,768.3067824844593,7934106,751.5287796458772,737.37430634827
2023-06-01,769.821330546674,8486327,752.9148259732423,738.41995526164
2023-06-02,772.4546799258522,3562605,754.5454716923678,739.5531800434561
2023-06-05,775.2932711067435,1721037,756.366139974532,740.7178802590425
2023-06-06,778.5575890888186,6507683,758.3283368530872,741.9312087459422
2023-06-07,780.3550088639979,7417954,760.1759489340499,743.150787577785
2023-06-08,780.5207727033642,2021469,762.0586103368844,744.3521149406587
2023-06-09,781.3142000762308,7756350,763.9335643131983,745.4610988453934
2023-06-12,784.2272180092475,6779277,765.9308114757702,746.6438527081584
2023-06-13,783.093346667273,3892371,767.7275257438987,747.8151690222841
2023-06-14,784.3306932850188,7970199,769.3084141003271,749.0261578898217
2023-06-15,784.044015660364,1463001,770.9030554528148,750.2436322896325
2023-06-16,784.6015053062338,7011493,772.5495152318477,751.487751967453
2023-06-19,787.6584090314484,3822136,774.2194041094347,752.7354490585337
2023-06-20,788.5406071674881,1515693,775.8402137448609,753.9339699424154
2023-06-21,789.1334802638005,3636722,777.280996302529,755.1571781399734
2023-06-22,786.9137679818406,8818114,778.5274004275667,756.3592863148162
2023-06-23,788.9062751138949,1239017,779.8843591182857,757.5723880100446
2023-06-26,790.6972434761772,1414994,781.2468007440497,758.8333979942902
2023-06-27,795.5237529227882,1941768,782.7146974840857,760.1556208947576
2023-06-28,795.4081964528821,6712044,784.069768182507,761.4574157449929
2023-06-29,796.34649710821,9043846,785.3960265105836,762.8286063729346
2023-06-30,797.3452644756314,2076941,786.6405557380727,764.1478721401716
2023-07-03,801.0001710351585,1465982,787.9259007344933,765.4584009316753
2023-07-04,801.3095799703844,3538568,789.0635002785718,766.7896294495026
2023-07-05,802.3676230219252,1273146,790.1641309864681,768.1475268907586
2023-07-06,804.0834160413583,6453174,791.3422631533678,769.518305576774
2023-07-07,804.956634287671,7124152,792.5243848639398,770.8831703561164
2023-07-10,804.56376705857,2164795,793.5412123164059,772.2038360199696
2023-07-11,805.4519470443665,8130030,794.6591423352605,773.4518571019881
2023-07-12,808.0992105440861,3677747,795.8475681982139,774.749901343101
2023-07-13,806.5461799452639,3409381,796.972676412459,776.0388168620187
2023-07-14,807.3121192935577,8026492,798.1082071118251,777.388223937023
2023-07-17,806.4118776636793,9309411,799.0458805434366,778.7388633810275
2023-07-18,809.301970921529,7859216,800.0839487311387,780.1386297691038
2023-07-19,806.7555971119614,3943295,800.9650545735468,781.4056863664479
2023-07-20,806.1377534174183,4283616,801.9262538453256,782.6710905418628
2023-07-21,807.3921771675473,1077175,802.8505489480083,783.9426316742148
2023-07-24,811.0232252260159,3078808,803.8668480355002,785.2774506835791
2023-07-25,811.3917247038701,2357453,804.6602466245542,786.5621039515623
2023-07-26,810.7813256504836,4011786,805.4289030844344,787.723471941443
2023-07-27,815.0436397893648,1095028,806.3637602184922,788.9813209650181
2023-07-28,812.6476119885323,2558242,807.1288775941372,790.2008270102773
2023-07-31,808.7500000752921,5319453,807.5163690461438,791.2906143821888
2023-08-01,810.1300289753988,5948008,807.9573914963945,792.3707266725177
2023-08-02,809.6259205266936,6445315,808.320306371633,793.3568885008426
2023-08-03,808.0834548924322,9552442,808.5203083141867,794.2788438890695
2023-08-04,810.0001677870309,3367555,808.7724849891547,795.2435052188199
2023-08-07,810.9877692145733,4012359,809.0936850969549,796.1942923838933
2023-08-08,810.3596119530998,3414165,809.3390683423916,797.0781682605141
2023-08-09,808.2990031557581,8204776,809.3490579729751,797.8780126739401
2023-08-10,810.5439178123183,4208823,809.5489448663278,798.6924644192529
2023-08-11,812.3443201682356,8457918,809.8005549100617,799.4902572241004
2023-08-14,812.6459684406768,6051646,810.1122594489116,800.2373111707793
2023-08-15,816.8392424327722,4625654,810.4891230244737,801.0029442376584
2023-08-16,815.1990729001199,1285711,810.9112968138818,801.6998255183809
2023-08-17,812.6480225582703,6278172,811.2368102709243,802.3423705154789
2023-08-18,811.7642064185079,7912880,811.4554117334724,802.9513706423245
2023-08-21,812.1730343857969,1575919,811.5129021914614,803.5102869698553
2023-08-22,813.1597132844423,4331106,811.60130162049,804.1116143021989
2023-08-23,813.1772411687297,1422381,811.7210973964022,804.6885452598731
2023-08-24,814.3813519617582,1976433,811.6879830050219,805.295291985901
2023-08-25,812.3782731133773,9222462,811.6745160612643,805.8508273420438
2023-08-28,815.7658023215238,5900164,812.0253061735758,806.4129752078453
2023-08-29,816.1014999647387,7336356,812.3238797230429,806.9641930637903
2023-08-30,818.8360916279149,6679042,812.7843882781038,807.5582452910726
2023-08-31,820.0215423206703,1401067,813.3812926495158,808.2204007778491
2023-09-01,821.4350487589778,8094176,813.9530366981131,808.8709762507508
2023-09-04,823.0745833194422,1460796,814.5573774033566,809.5185230476162
2023-09-05,824.4700004394768,8740616,815.2628968276755,810.09744799795
2023-09-06,826.2554459592119,6994376,816.1607189678482,810.7143929880766
2023-09-07,829.4137510194768,6289283,817.1042106282059,811.3757380663019
2023-09-08,830.3067933588798,6858338,818.0023342877382,812.0349686439667
2023-09-11,832.2248008740568,5989904,818.9812759094073,812.6594612407447
2023-09-12,832.5453294854823,1312023,819.7665802620428,813.2841762310468
2023-09-13,835.9255639163812,7270016,820.8029048128558,813.9553350489358
2023-09-14,835.0727793122627,8320583,821.9241426505554,814.575122314354
2023-09-15,839.1746601780843,8822636,823.2946653385341,815.2594828321621
2023-09-18,839.5943442767956,4177902,824.6657308330841,815.9600943765267
2023-09-19,837.2327940725595,1755111,825.8693848724901,816.5957113170906
2023-09-20,837.9890029023811,3320715,827.1099729591726,817.1935071642564
2023-09-21,837.1268995874314,3234805,828.2472503404563,817.8051215570999
2023-09-22,839.3081866854088,5304459,829.5937460190578,818.4450429049368
2023-09-25,838.502938726804,2899054,830.7306028393219,819.0868641261993
2023-09-26,838.1105718603744,4457550,831.8310564341036,819.6630361449762
2023-09-27,834.8314903984833,2550184,832.630826372632,820.2245540107068
2023-09-28,834.4268777599851,5174482,833.3510931445978,820.7903364975582
2023-09-29,830.0791191067273,9153113,833.7832966619853,821.2440753363417
2023-10-02,827.4113134597558,4273523,834.000133169001,821.5718371010164
2023-10-03,829.4321427720444,9477276,834.2482402856292,821.9326454623799
2023-10-04,831.503743089346,7961383,834.5106551421361,822.3470938111572
2023-10-05,832.854658212916,8960339,834.682700501808,822.7033141796283
2023-10-06,831.4207059266575,3770742,834.738396130197,823.0787760583906
2023-10-09,831.8252832143736,3770374,834.7184202472129,823.5402817211724
2023-10-10,832.3180781361924,8296405,834.7070576797481,823.9840427043881
2023-10-11,830.5013487578074,7846539,834.4358469218196,824.4015512690105
2023-10-12,834.0081453613417,9659522,834.3826152242734,824.9200450783886
2023-10-13,836.262869942493,5109803,834.237025712494,825.445299121498
2023-10-16,836.3209415948337,6636289,834.0733555783958,825.9519625691031
2023-10-17,836.8747132728228,9751063,834.055451538409,826.4822645954976
2023-10-18,837.7914788887178,2034586,834.0455753377258,827.0721141101568
2023-10-19,834.2080091518693,7040502,833.8996308159478,827.5453959369478
2023-10-20,834.2136543868281,6547094,833.6449042010187,827.9827826213196
2023-10-23,833.3496858908326,4100581,833.3872415592201,828.3968569703227
2023-10-24,831.8464458710428,3661637,833.0740352597535,828.697001039088
2023-10-25,831.7842452852708,4672277,832.9216730040929,829.0287044867911
2023-10-26,835.8796183389699,3084504,832.9943100330422,829.4933364024051
2023-10-27,837.6613040615039,4021372,833.3734192807809,830.0112783552651
2023-10-30,837.0189460819382,5854042,833.8538009118902,830.5081965891881
2023-10-31,838.6641116446506,3471378,834.3153993555204,831.018284556392
2023-11-01,841.9628225178226,4830121,834.8383533269443,831.593996183374
2023-11-02,844.3120898836481,6353912,835.4112249104808,832.1926109418117
2023-11-03,844.9313506234885,2353324,836.0867571453224,832.843672492014
2023-11-06,844.1374770680774,7753008,836.7023668380076,833.411105986945
2023-11-07,846.0339236953046,7124386,837.3881591159632,834.0097544615563
2023-11-08,847.320894466148,4372455,838.2291364013802,834.579450518321
2023-11-09,849.6112809062035,5268173,839.0092931786232,835.1712452900316
2023-11-10,851.3816245095675,7034722,839.765230906977,835.7701768050435
2023-11-13,853.9807299402062,8010131,840.6482203242456,836.3882997374587
2023-11-14,853.410259517085,5396720,841.4749976364589,836.9671049190109
2023-11-15,856.5450476483537,5070028,842.4126760744406,837.5728969527937
2023-11-16,857.4402468577385,8951036,843.5742879597341,838.1334268695589
2023-11-17,862.0907686029891,7869989,844.9681436705421,838.7691063744412
2023-11-20,861.21239296681,2369277,846.3612790243409,839.3488582162962
2023-11-21,865.1843205731404,6522567,848.0281727594459,840.0016380380495
2023-11-22,866.0801421400657,7722090,849.7429676021854,840.6047296025231
2023-11-23,865.2773061328369,1749971,851.212851991879,841.2088201389346
2023-11-24,864.8095344647282,9222502,852.5702635120402,841.7215176246675
2023-11-27,864.6688398483396,8749972,853.9527582003602,842.2230075360983
2023-11-28,866.0171717411434,5460276,855.3204112051848,842.79869508947
2023-11-29,867.5628427172145,8456688,856.6004122151544,843.3901718857668
2023-11-30,866.9154427093373,5075837,857.730579856439,843.9859427482048
2023-12-01,867.3667335248153,3233706,858.8523490015053,844.547113684993
2023-12-04,872.1512742420391,7094645,860.2530388602033,845.2200803952976
2023-12-05,876.1063605822405,9874365,861.7566607045501,845.9799961697349
2023-12-06,877.4790079215886,3054376,863.2645663773221,846.832946520197
2023-12-07,878.055014877925,2185111,864.6867530759082,847.7055092625559
2023-12-08,878.7950775313616,5961828,866.057425726998,848.6798284310485
2023-12-11,880.5221134768224,8732752,867.3844949038288,849.7420444313898
2023-12-12,878.9765283464255,3392919,868.6628083452957,850.7329321428775
2023-12-13,878.9617752715789,2500948,869.7836447264569,851.6820927865223
2023-12-14,876.1246071238237,7327090,870.7178627397612,852.5474917647402
2023-12-15,877.4230533690343,5107834,871.4844769780635,853.4675387135878
2023-12-18,879.2174452484397,3408630,872.384729592145,854.4153819542692
2023-12-19,878.751072323841,6837196,873.06306717968,855.3440418380221
2023-12-20,882.399045850421,9095213,873.8790123651977,856.3819957798744
2023-12-21,880.4475145244163,3702994,874.6375227847768,857.310783163136
2023-12-22,878.0187647639966,6919626,875.2979842997404,858.145901059566
2023-12-25,878.9676684011166,6557805,876.012925727379,858.9988355956916
2023-12-26,881.5618650063409,5902444,876.7901603906388,859.892578630362
2023-12-27,885.4297203892567,1192512,877.683504274241,860.8453434603726
2023-12-28,885.0119518635188,4714379,878.5883297319502,861.8614223146058
2023-12-29,887.6693135303814,6845447,879.6034587322283,862.930535497477
